{"sections":{"main":{"type":"main-product","blocks":{"vendor":{"type":"text","settings":{"text":"{{ product.vendor }}","text_style":"uppercase"}},"title":{"type":"title","settings":{}},"price":{"type":"price","settings":{}},"variant_picker":{"type":"variant_picker","settings":{"picker_type":"button"}},"quantity_selector":{"type":"quantity_selector","settings":{}},"buy_buttons":{"type":"buy_buttons","settings":{"show_dynamic_checkout":true,"show_gift_card_recipient":true}},"description":{"type":"description","settings":{}}},"block_order":["vendor","title","price","variant_picker","quantity_selector","buy_buttons","description"],"settings":{"enable_sticky_info":true,"color_scheme":"background-1","media_size":"large","constrain_to_viewport":true,"media_fit":"contain","gallery_layout":"thumbnail","media_position":"left","image_zoom":"lightbox","mobile_thumbnails":"show","hide_variants":true,"enable_video_looping":false,"padding_top":36,"padding_bottom":12}},"3cb9c225-b438-4609-bc3b-338a1efc3978":{"type":"main_heading","blocks":{"b6e7fe3d-f31f-4679-8a89-774593730234":{"type":"all_heading","settings":{"heading_section":"Main Products"}}},"block_order":["b6e7fe3d-f31f-4679-8a89-774593730234"],"settings":{}},"7febd7b5-69c6-417a-a046-e6bd2d0d1ade":{"type":"mj_pro_slider","blocks":{"3b343d6f-84d0-4c01-ba13-c58f4cf45d27":{"type":"menu_slider","settings":{"alcohl":"mouth-fresheners"}}},"block_order":["3b343d6f-84d0-4c01-ba13-c58f4cf45d27"],"settings":{}},"related-products":{"type":"related-products","disabled":true,"settings":{"heading":"You may also like","heading_size":"h2","products_to_show":4,"columns_desktop":4,"color_scheme":"background-1","image_ratio":"square","image_shape":"default","show_secondary_image":true,"show_vendor":false,"show_rating":false,"columns_mobile":"2","padding_top":36,"padding_bottom":28}},"c2d50700-630d-4653-bebb-c9baa45e262d":{"type":"map_section","blocks":{"b72a2c28-2017-49ef-ae23-c12c8d619d5b":{"type":"text_img","settings":{"text_link":"","heading":"hello heading","details":"hhhhf","location_name":"delhi","location_direction":"<p>chamoli<\/p>","location_dire":"<p>thirpak<\/p>","location_firt":"<p>thirpak<\/p>","location_call":"987654321","call_image":"shopify:\/\/shop_images\/call_map.png"}},"74b9989a-1182-443e-adfb-956e7e8cf521":{"type":"text_img","settings":{"text_link":"","heading":"hello heading","details":"hhhhf","location_name":"delhi","location_direction":"<p>chamoli<\/p>","location_dire":"<p>thirpak<\/p>","location_firt":"<p>thirpak<\/p>","location_call":"9865473210","call_image":"shopify:\/\/shop_images\/call_map.png"}}},"block_order":["b72a2c28-2017-49ef-ae23-c12c8d619d5b","74b9989a-1182-443e-adfb-956e7e8cf521"],"settings":{"section_image":"shopify:\/\/shop_images\/RG_Banner_1_1760e522-a0dc-4c5d-bdad-6ed1f69268db.jpg"}},"c2e7a60b-e002-4884-af03-a5443844888e":{"type":"new_gal_section","blocks":{"template--21724965699877__c2e7a60b-e002-4884-af03-a5443844888e-image-1":{"type":"image","settings":{"image":"shopify:\/\/shop_images\/22_bf6d5c96-eb44-417d-b13f-aeb739e40ee4.jpg","alignment":"center","link":"shopify:\/\/collections\/interested","cta_label":"hiiii","cta_label_a":"Lorem ipsum dolor sit amet consectetur adipisicing elit. Dolorum quo nam dolore necessitatibus modi ipsa, laudantium placeat magni accusamus quaerat harum voluptatum, pariatur officiis quibusdam voluptates natus, cum non debitis.","cta_label_b":"see more","cta_id":"hiii","cta_id_btn":"ert"}},"template--21724965699877__c2e7a60b-e002-4884-af03-a5443844888e-image-2":{"type":"image","settings":{"image":"shopify:\/\/shop_images\/11_ace78c1e-3d53-418d-89d7-fe2fe1f805bd.jpg","alignment":"center","link":"shopify:\/\/blogs\/news","cta_label":"Lorem ipsum dolo","cta_label_a":"nsectetur adipisicing elit. Dolorum quo nam dolore necessitatibus modi ipsa, laudantium placeat magni accusamus quaerat harum voluptatum, pariatur officiis qui","cta_label_b":"seen","cta_id":"rtse","cta_id_btn":"fde"}},"template--21724965699877__c2e7a60b-e002-4884-af03-a5443844888e-image-3":{"type":"image","settings":{"alignment":"center","link":"","cta_label":"","cta_label_a":"","cta_label_b":"","cta_id":"","cta_id_btn":""}}},"block_order":["template--21724965699877__c2e7a60b-e002-4884-af03-a5443844888e-image-1","template--21724965699877__c2e7a60b-e002-4884-af03-a5443844888e-image-2","template--21724965699877__c2e7a60b-e002-4884-af03-a5443844888e-image-3"],"disabled":true,"settings":{"section_height":"medium"}}},"order":["main","3cb9c225-b438-4609-bc3b-338a1efc3978","7febd7b5-69c6-417a-a046-e6bd2d0d1ade","related-products","c2d50700-630d-4653-bebb-c9baa45e262d","c2e7a60b-e002-4884-af03-a5443844888e"]}